AbsU	MVLQVLSDWLTPLVATPPKTVSPEVGALKDTGRSLILRDLREKVVAYESNNPDPTGTTPTENDFATVRLEIFGPDGTQIGTTEGAGRMLYRQEKDEHFIAYFGEEITLNDGNVIRAGGLVDDARLTAGEHATFPAVVVSGPLRGAIGFRQFRPLVKESHTTYESSIVVYRR
ChlL	MTVGAAAPEGLDRRALDSGQLAFQGQMPATSLVEPRDLALAAAAAAGIYDPAKDSAEEALKKCVIVEGLTEVIEKMAIHDEGTHGAAALAEYQDGFFDADGNRVGTVIGSARVLSMAPHMWQYHQSRTEFEGGTFETHGVIDGTAILHGFTQIFQLTGKTGRFAGKAGFMTLTIDDPTQRPPRYRTSFAMA
KijU	MTPRYPKGCSMYLENLREVCHTNVHMETRPGVGHHVTFTEELYDSDGNLVATSEGMSVVYGDPETGGLAQLITATEKLGDGTIQWTGTVRQEDPNGTEFAVQRIPAIGVSGRYAGKTGVRTFKFVERPDQHTTIAEATIYMED
LobD1	MILAGVLPPVFCDRERNFMYLENLREVCHTTVHRETRPGVGHHVTFTEELYDSDGGLVATSEGMAVVFGNPEDGSLMQLMTATEKFADGVISWTGTVRQENPAGREFAVNEFPVIGVSGRYAGKTGTRTLKFVERPDENTTIAEATLFMED
LonU2 (LobU2)	MILAGVLPPVFCDREGNFMYLENLREVCHTTVHRETRPGVGHHVTFTEELYDSDGGLVATSEGMAVVFGDPEDGSLMQLMTATEKFTDGVISWTGTVRQENPAGGEFAVNEFPVIGVSGRYAGKTGTRTLKFVERPDENTTIAEATLFMED
PyrI4	MTTPQIDERAMEAGAAALQETIVDPGPLDVTALAVAAALAAGLHSAADDPAAALDKCIVLDELTEFAEKLVVHDRPGGIGTTVEYVEVYEDASGVRLGTATGNAVVLKMEPHMWQFHQSVSELADGSFEAVGVIDCTAMLRRMTQVLRVTGRSGRYAGKSGFMTLAISDPNQRPPHYSVQVVLC
QmnH-C	YMCGGLQENWDWNPKKPKAEESLAEKQSNALAALEAAEPPKDPADSPVPPNDCVAHVGLREELTEEYGPAPGDGGEWPPGAGSSMHYKSEFRKDGRLVAISKGYSYTPFKDPANDIGLKFVQQTITFRDGTIRTSGVYNLTLSNVYEWHAMWADGVSGRYAGMIGTRRFKVTGQADLDGQVFLCNDLVEHWEWDPPTT
QmnH-N	MPIFRKKARRRRSRIALFASAFVLVSLVVPATAGAATASGVPHDCVNHNNLSELIVEKYPIFPDPSNPPVGSRLQVGHQVYFKAELRDPAGNWVATSKGYSYVPYRDDKDDVILQYAQETITLADGVIRTSGVYSVTPNNYNEWNYISAEGISGRYAGMIGARTFQITQLGLSLNAGL
TcaU4	MISSGAARPLSRPRPRCPPGPRRFEESGTEIMYLDKLREVCHTNVHRESRPGVGHHLTFTEELYDVDGNLVSTSEGMAVVYGDPADGSLMQLMTATEKLADGTISWTGTVRQEDPNGTEFVVNSFPAIGVSGRYAGKTGTRTFKFVERPDEHTTICEATIYMED
Tmn8	MPALLSGARRLRPAVPPPEGKAVRPTEFPSRLTAAGAAAIALTVPIGASQAHAADTHKEECVTISFIEQLVTTETKDAAPVGPSVGDVVITEDAVLDDQRNRIGTNDIKGIIIKKDAATGELFSFSASEYTLDDGTIHVAGLVNLTALASGKEQKLPAYGTGGRYAGKVGELSWTLVSETESLNSIALCD
VstJ	MAEASTEEEAIVLIDIKEVVKTKVTRDKREGVGVCVEFENDLFDEKGNKIGTCVGTGVLSANGEGEDERFQLFSATDHFEDGSVLWTGPAPHLPAEPTKEHAVQAVGTSGRYLGKKGTRHFQLVDRPDGETTILRSSLFLRG
Tsn15	MTTSIDPTTPLTYNPVIDALVGSWRQIIDADYSADDTRLPDLAVLARSTARAVAAAVPRPLAEISAPDAPDERGELVLLEKVIQEVADREYTPLSPEGPSVGDLVLVTEKIYNSDREEIGADTGRLRIIRKDPETGHHFTVSLVTSTVQGNKLFAFGYTEMEAQLAGGRTTIQVACWDGPWAGMSGTLSWVINSMTAAESRYELRR
Cyc001	MLANWVRAELDKGLTVSDVEEKLASNKGYKNATVISVTEMANIHFNAKTQNGPTVGDANSHVDQFIDDQGKPAGTMTGSGWKIAALADDSVVSYYHETAETPQGRIETSGIWNSSAIWASQWQSLLAVGVSGDVMGKVGVRQLYQEIPREKYRTLLVLVPLDQIKTLTS
Cyc002	MTPTPSPLPVPGIPAMCPRCLAALDGPLPDVGQTEGGTGCVVRTGLAEHADITFHAATATGPTVGDRNTHVDRLTDAAGTTVGTITGGGWKVFEHPRDGHVLSYYREEIEFLDGTVVTTGWMDSTAVWSGQWQSLHAVGTGGAYRGLIGVRQIRQEEPRRLFRANVVLCATGGR
Cyc003	MNETTEKQEIDERAIEVGTEALQETLVDPGPLDIRGLALAAATRAGRYKPGVDSEEDALAACIVRTVTEVVEKLTVSDDSDTAGVGTTVEYVDAFSDENGKRVGTMTGNAVVVAMAPHMWQFHRSTTEFDDGTIEHVGLVDCTALMRRMTQIHSIVGTSGVYEGKTGFMAFELSDPHKRPPLFSVTFVLC
Cyc004	MLNSYEELVETTVSATTDIEDFENIQVGQGGVYEHALFTKSGEKVATTSGGYKILYQRESDQQFMAYLTNEVVFEDGSGTIRVAGWIDLGSLLSGDWAYYPSVGTSGRYLGQTGFMAWRPYDLGKVEGADVKLIMFAAAE
mCyc005	MSARNLENPSSNHHHHHHHHHHHKISFSMPDLLNISHPTTSTLNTHIPFSKPIGFFPPHKGIPIQEPIPKVPGSDSSVQTFGGSNLGMFFPARATLQELEFGAVVTIDENLFDGGIGTNGSPLGKAQGVYVASSEGETSHMMAMTTVFADGGFKDGLRFFGLHRRDVSESHIAVIGGMGKYVGANGYATVKFVELRPNSAMAMKQGVNKLLLFNVYLS
Cyc006	MTISLSDAGKRFNREWIFRHFTYTFTSGQAYALTGANGSGKSTLLQVLSGSMHFNEGSCTWTGPASAKIPNEEVFRHVSICAPYLELVEEMTLREFLLFHSTFKSLLAGTSVDSIIADLGLEKAADKQIRNYSSGMKQRVKLAQCIFSDTALVLLDEPCTNLDLDGIELYHRLVAKHCMNRLVIVSSNDEVEYSFCKEKINLFDYK
mCyc011	MACALEEPHTLITIADARVDKAQFIDTGESGDSVGDILAFDQPLLDTQKQKIGTNSGTCIRTRVGHSFQCQWTLSLEDGSIQVAGRELDQGASGISIVGGTGKYAGITGEMESVNNNDGTFTQTLRYWLR
Cyc012	MTDATPFSRAPFSSGADRPFAQRGAAAAIRVMIVDDSLTVRTIFKRMVESDPAMVVAGTASSAENALTQLAVQGADVVLLDLEMPGRGGLDALPAILATPAEPQVLVVSSLTADGAEHTLSALSMGAADTLLKPRPGGFNEDYRAQLLGKIRALGRRRGEAAPLAARPADPVPAPPLAGRRVLRSDVVAIGASTGGIHALGLMLRRLTASFDVPILITQHLPASFMPVFARQVETACGRPTDIATDGLEILPGRVMIAPGHGHLVAERRGERLVARISSIPAPSGCMPSVDPMLSSLASACHGRALGVILSGMGRDGVIGARELVEAGGTIYAQDAETSAVWGMPGAVARAGLASLIAAPERLGDALLAQASTLGVR
Cyc013	MFEDLRTYLSYLEDKGQLLRVQEEVDSKFEIAAGIRKTSDIQGPALLFEKVKGFPGWRVLGGLFATRKLIALALGIPEDRLLEQYLTLEEKRIPPEIVETGPVKEICWKGDQVDLRRLPMVTHSEKDCGPYVTIGVQIGKDPDTGIRNVSIHRMLLLGKDRLSLWAPADHHLGRMILKAEEKGKGMAVATAIGVDPAIIIGSQAKVPWGVDEFYVAGGLRGAPVKLVPCETIDVEVPAAAEIVIEGVAIAGERVPDGPYGEYPGCYSEAKQSPVVKVTAITMRQNPIYQTALTGFPVTENHTLIEYANAAVIYREARKIVPEVKAVHVTPGGTFRHHVVVSVKKRHDEEARNVIVGLLALGLGLKQVTVVDEDIDVRDPLDVEWALSTRMQPDRDIIIVPRLACSTLDPSAPKPRTTAGWGIDATMPLGDRERFEKVRVPG
Cyc015	MGDTTTANDVVTVELVEKVTKKDLNESGSIEGFGPGMMATYWCDVFDTEGKHIGTTVGCMDILYADPESGHLVEHVAEQIRLPDGTIMAWGTMNRSDVLAQKWITYRCQGTSGRYAGLVGTRTWRIQSLEDESYPIVAKMELRGA
Cyc016	MQLGSRARAIVAAVACAAVLCADQVAGIAQGAEPAPTPPAPGCLQLTGMSEKIIDGSIRDLGGPYLSSVGGSSTYLDHLYDASGAEVATVYGKANVPMKLDNGDVIEYSDERIEFADGVLEAAGFYNITQAGRGEWQFLPAIGVSGRYRDLLGKRHFRITKLGESLSGWIELCPAGTAR
Cyc017	MRFSSRRLTGATVLGAACVLVSLAAGASAASDPQPGAAGHGCVVVDNVTEQTIRHESVGAGGLGMHVGDAATFYDNIYDGNSNTVVGNVVGIVGAVSTRPSDGHLMTHYTDDVLFPDGAIRADGIADRNLVLTGKPVRYPAVGLTGRYAGKYGYREWNTIIPQTPPTNPGDIRIQLKMVLCG
ChlE3	MNHSVVVVGAGPVGLMLAAELARAGVPTLVLERRAETGERAPGLAINSAVVELFAQRGIMDSLQGDGMEFPRAHFAHIWLDPAALAGEHPYTFLVPHHRVAQRLEDHATKAGAQVRRGAEVIGLRQDASGAELDVRWDGGTEVIRAAYVVGCDGAGSAVRRLAGIGFPGVDEVFYGLVGDLSVEAGDPLFDRLGVHQHDDGFFTVGPVSQNVLRVTTGEFDAAPGDPDAEVTGEELAAHVRRLTGAELTTRGTPRWLSRWTAATRQAERYREGRVFLAGDAAHVHFPLGGQALSTGIEDAVNLGWKLAASLADLAPAGLLDTYHEERHPVGARACSTTRAQMTLLRPGSGTGPLRELLTELVGLGEVNDHLVSLVGGLDIRYASLAGEGAHTLAGRRLPVTEVATDGGPVSVSEVAHSGRGVLLDLSPGGGLAATVAAAWRERIDMVSGAPVKGLPEGVLLRPDGRVAWAGTAADGTGLTEAAARWFGPGTAGRDRRD
PyrE3	MLACELGLAGVDTVVLERHDAPREPSRGGAINATVVELFTQRGIMESLRDDGFEFRMAHFAHIPLAPERVPGDRAFSFAVPHAQVERRLEERARSLGVRVRRSTEITSVRQTPDGVQVTTGDGEVVEGAYLVGCDGSASLVREQAGIPFPGVDPDFHGLWGDIKVEPGAPVLERIGARQYELGLCMVAPIGPDTVRVITGEFDVPSPPADQEVGFDELRAAVARIAGVELDGVPGWLSRWTATSRQAERYREGRILLAGDAAHTLFPLGGQALGTGIEDAVNLGWKLAATVQGWAPPSLLDSYHEERHAAGARACASTRAQTTIMRSLARVGELRALLTELAGLEEVNAYLVRMVGGIDGSRLPDVPLVTAEGETSVYRLLEAGRGVLLDLGAGLPAVRHPQVTYVRAEPTNRLDATAVLLRPDGVVAWRAPQDGLEAALETWFGPAA
mAsR5	MASIQSVLGYLRPTSHHHAPCADDVVLKQSAGSDSAAPDPLPSRVVHNWPNGTWIENISVRPNGNLLVSQSTPRGRVWQVKEPWLDEPKVELAYDFDEWVDRIIGIGETTPDKYVVVGSRFYSLDPQSSQVERTFCAMELDFTKGEKPSARLVARFPHANLLQSVSALPWDRSVVLISDQYLLHPRADWEDLTPGPGQIWRLDTKTGHHEIVMTNYAEMNTTYNHGLDVGINGIKIHGDHLYWINMDTGGAYRVRIDKYGYPTPLNAVPETLGVAEDALWDDFAMHGTRIGEESDDTTMFATSIVNLMAISPENGTIVPLAGVGTSEPMGFPGPTSAQFGRTEKDSHILYVTGKLFNVPPSIRDVVIQGWVRAIDTTGFHF
TbtD	MAAGERWWRFRVDYHAGPMDDLILDGVRPAFAAFAAQAPMAYFLRHWRRGPHLRIYVSTTREALEAVVRPAIEHVVGGYLRARPSPGMADPSAFLPLHERLAELEGEDGPLMPWSPDNTIHAEGERPEPLTVRDVLLADFYADTTPSVYHALERVRSGASLPTIAFDLVVATAHALSTGGLPVARTSLRSHAEAYLARRSDGVRLRELWRDHYARNREAFTERLIAVASSAESAENGAHLPHVREWVRRLRPIRERARALLESGELTLEYASPAEGARDLPSLAEVSAFHRELESRPEWARLRDSPAFGAYRLVINCTYLHLTRLGLTPHQRFLVCHLAADAAADVYGIAAHEEVATR
EupfF	MLFTVSLLLSGLLAVSPSLSAVLPRASSATGSVPLPERLLHHWPNGTWVENIAVRPNGNLLLTTSTPNGTVWHVKKPWTDTPEVELAYNFDEWVDRLIGIGETTPDKYIVVGSRFYSPDAYSSHVDRTFAAMELDFTKEPPSTRMVAWMPEAELLQGVAALPWDRSIVLISDQYVLRPRYKQVDWTPSPGQIWRLDTKTGDYELVMTDYAEMNTTYAHGPDVGINGIRILGNELYWVNQDNGGVYRVEIQKNGHPVPPAVPEVVSVVESQLWDDFAFGPGDEDLLWVTGLNAVYAVSKKNGTAVVVDGVGTSNNMSFPGPTSCQFGRTKHDSNVLYVTGNLYSVPDSLLDVKIGGWVRAIDTTGFHL
Tsn11	MEEPGMEIPLTGTVVIAGAGPVGLFLASELRLAGVEAVVLERSPKANEHTVGGTLHARTADLFDQRGIMDTLRAGNPPLWPRLHFASYWLDLAPHMEDEYSLLLPQQYTEEMLEAHATELGADIRRGHTCVSLTQDADGVTVGVRADSGDYELRGAYLVGCDGGDSTVRELAAFPVQESGPRWYGLLADVESIEGDWHPGNYPGGQFAVIRSPHEGGPSRIMTLEFNETTQPPPADQPVSVEEVIASTERITGRTPVVGEVQWLHRYTNTTREAENYRQGRVFVAGDAAHLHVAFAGHGLSTGLHDAANLGWKLAAVLDGRAPDSLLDTYDEERRPVGHRACVFTQSQMALLTQGQQLDILRQLFTDLVKLPEVNHHLITTVTDVRYALDGAEKEDTHPLLGRPVPNQLVKDADGQATAVAEALRAGRGVLIDLTDGAAALPDTSGRRGHLDSVSRGPADAVDATALLVRPDGFVAWAATADTGNDGLEPALRRWFGDTA
SpnF	MLPGGAPTSQQVGQMYDLVTPLLNSVAGGPCAIHHGYWENDGRASWQQAADRLTDLVAERTVLDGGVRLLDVGCGTGQPALRVARDNAIQITGITVSQVQVAIAADCARERGLSHRVDFSCVDAMSLPYPDNAFDAAWAMQSLLEMSEPDRAIREILRVLKPGGILGVTEVVKREAGGGMPVSGDRWPTGLRICLAEQLLESLRAAGFEILDWEDVSSRTRYFMPQFAEELAAHQHGIADRYGPAVAGWAAAVCDYEKYAHDMGYAILTARKPVG
CcsF	MPLTEQCQISDLTAFEMVKGRKIVDFTTSAIESFEAPKINPLNSTAGEQWEFDGVSEDGMQSFVFGFYRDPNYAILGTGNFRLSIEFAFANRTRFYEVYYASRSVVEHCSVGTRGEWVDDADGYSFSFQIKADMSEAMVFLNSPSAKGTVAIKSRARPVTADGHVWPAHNASTEGVPFYHWSEPIPAGDVEVDVMIQDHPLVFQGMGGHERFWSAFSWFTCLTHLSAVRTMLGPYVLTYFSFTSNINPGETRQSVVLFKDGLPVFRSTRAEASDVDDYALVSKTYGGAVTGTLKDKVTGYQLELVSPGRMQHYTFFVEHANLGFEYILGEGVGGSGFSGHSRGGHVGLSQYQGIALTEALTFPKNSPLFRSNYVA
PhqE	MTPAPTPRTDQLHGSRVLVIGGTSGIGFAVCAAALGHGAIVTIVGSNAQKLKDSVARLKSSFPSTDPDDIVAVRCDLSNSDTVEQDIEKALQLAAGNSKINHIVITAADMTAPPPLEDLTVDSVQRPGIIRLVAPLMVAKHLPKYMNKCPQSSLTLTSGAHCLRPDPGWTVISGYCGAVEAMSRGLAIDLKPLRVNVVAPGAVLTEAVKDILGDAYDAAVEMAEAKSTVGQTGSPESVAQAYIYLMKDHYASGSVVSTNGGMLLV
IdmH	MAHQPSDTIAGLYEAFNSGDLETLRELIAPDAVIHLPGTAGDAEHPPGTPRDREGWLGVWQFTQAFFPDMTATVQDIVQTGDLVATRCVARGTHSIEFMGVPPTGRPFEMTMLNMSRVRDGRIVEHWTISDNVTMLAQLGVKASL
LobP3 	MSHDVVIAGAGPVGLMLACELRLAGSEAVVLEDRPEPNPHAPGVALNGGVVELLEMRGLMDACRADGFEFPMAHFAHIWLDPGQLAGRYPYNFAMAHSRLIHHLTERARSLGVDLRFGHRVRGVTQDADGVDVRVEGPDGESTVRGRYLAGCDGADSAVRQAVGVGFTGNEEPFHGTVSDFVVEPDSVLNQHMGAKEYPAGLFAVSPVGPGTVRVLTGEFGVEPPSRDGAPALAQIRAAVHRLAGVEFTGDDPTWSARWFNVTRLAERYRAGRVFLAGEAAHTHFPLGGQALSTGMDDAVNLGWKLAADLAGYAPEGLLDTYEAERRPVARRACTTVRAQVALLHPLTELRDVVTELVRFPDVNEYFVRMAGGTDTRISFDEDLPEDAHPLLGRRIPGVAAAVQSVPELAEAWASGRGVLLDLSDEPEDGRLDITGWTDRVSPVRTKPLPGVDAEAVLLRPDGRVVWAARSGQGGDGLAEALRSRFGTPTPA
IccD	MASSEVFTSEEAAQRAIKTYYESQESRMGYELVFGGTQHFGYYTPGTWSPFPIDKSLRRMEEKLMGWLALPAGSRILEAGCGVGHVALYLAKHGMRVTGVDIIDHHVEQARRSAQKANLPKDQIVIEKMDFERLEAIPSASHDGAFTMQSLGHAFSAEKALAGFFRVLKPGGRFALVEVERRPNAEADKKNPRLTEQLSMINVGTGMPTNERSHDGFYKGLLEEAGFVDIESRDISDNILPVVRMFYVVLLVPYLFVRLLGIEKHFVSMLAGTAGYVGYDRWRFMVVTGRKP
NgnD	MTEITPELVAAAYQAVSSGDREKTALYWSEDLRFLAPGSHAQAGWRVGIDDFMSYVQGMLEASGGTWSMQPVTLLINNEDGYSIDANRIHAVRKGAPDGSTSPFDVLDISGVQMLKWENGKVVEGAGGIFGDGTTNYTQWWSPLSGDGERRY
LepI	METVAAIKTLIQQLAQSTDQFGRAEINDALRELQYSLETPFDTVMRMSLDTCQVAVARIGSDLGLFKHLSQCASPQSAEELADHLGCGRELMSRLLRYMASVRMVQQTDDIKYISSNITQTLAVPGLEAGMRHAFENLWPVLMALPDFLAERKYPDIVDAKDTAFQKAFNTDQDCFHWLATQPTRIANFKVLLTDERTPNFLSTFPLEKELGSWSAEPEKALFVDIGGGMGHACIRLREKYPNQPGRVILQDLPPVLQAAQATLPLSGIESMPHNFHTPQPVQGAKFYFLRLILRDFPDHQALEILQNIVPAMDAESRIVIDDGVPPEKGARWAETGTDICIMSALGSKERTQRQWEELAAKAGLQLQALYQYTWPVVNAAMVFSLQ
gNR600	MAGTFVSVLDISGDSVVTGPVPVEPFVPGSANLFPKMTSRINDTAWELWEFEGFSAGGEAAVGVSLYRDARGVDKGGFHAEVNAIWPDGRKWGQTLYFAESIVTAEGASPDEGRIHGFWRSNSNTAGGAPAAARSITFSISEDLGVATVCFSVPDQVTGTIELRSSGSNRKSCLPATEEAALLYPSVYYMFPMGPVDANADLTFSFSATAGGEIEEERKLSVQSRGGGHGGMVRGWSTEAWPQFMNDAYYVVAKVGSYMLQMLRVVGSAAAGHRPYAVARLYLNKELVCAANQAVDAQSAAEGSTATTQPRDMVAVEKVLSEPKSQEQVVSGAFSDKNIGYVIEFISGQQKRWRFDARHKRAWWSEPTSAPGPGCTGKSGWIEGFLGGSDGETFEGAGVGGQLQIPVP
PvhB	MGNKMTKRISHFNIENAIIPGEVSASAHVPGENNIFPKYSSNINDRTWEIWCCEGINHEGAGVMFGFQRAAFNKKMGGGWRVQIIAVWPDGKNWYKALALPESIFEESMASGDITSVWKTADNSTNVSFTYHKVDNKIDVVVCIPGVATGKASFQGQPGDSGLSTSPSLGPYVSYMRPVGRADMTSDMIFHFPDDGTTRQISFSDGHGGFDRYWGEKLWLSIQSESYFMRAFLGPYVIQIIRLVSTEELGKQQWPIARLFHQGKLVCAPQRCGSPDEQGISQDTLVMSKVHDSDTGALSAEFHDKSTGYDLTFVEAGNARRRWTFTVRHQTKIWSLPIGPKGGNSGFVEHVCGGLAGETCEGLGVSGQIVY
MPS	MAKSYSEQPELHAKAPYRSAMLTYPGNLRQALKDAMADPSKTLMGVAHGIPSTFVTKVLAATKPDFVWIDVEHGMFNRLELHDAIHAAQHHSEGRSLVIVRVPKHDEISLSTALDAGAAGIVIPHVETVEEVREFVKEMYYGPIGRRSFSPWTFSPGIADASLFPNDPYNVATSNNHVCIIPQIESVKGVENVDAIAAMPEIHGLMFGPGDYMIDAGLDLNGALSGVPHPTFVEAMTKFSTAAQRNGVPIFGGALSVDMVPSLIEQGYRAIAVQFDVWGLSRLVHGSLAQARASAKQFAGQGKAATDGTTDETVDGAAEEVANGVSKVKLDEAGDEDKA
AbmU	MNERFTLPAHSPALAALVPEFLDLARAASGDPAAEERDLAVWENLTEHVSLDYRFANPPVHGPGDWDTYDSRFVDPAGVEIGTLQGTGRILYERSSDAHLMMYYREQLTFPDGTAQTAGWVDGTAILGGAWQRFPILGSGGRYGSMIGLRSFQPTPEAPHSLYRTHLVLREIPGGHGLTDPEEIDAALSLLGAFVGPSVNPATGNGRLEPPVRAGRTA
AbyU	MAHHHHHHSSGLEVLFQGPMTERLETRPQALLIKVPTEIVVKVVDDVDVAAPAVGQVGKFDDELYDEAGAQIGTSSGNFRIEYVRPTDGGLLTYYQEDITLSDGVIHAEGWADFNDVRTSKWVFYPATGVSGRYLGLTGFRQWRMTGVRKSAEARILLGE
TedJ	MTDPVIVVGAGPTGLMLACELGLAGAPVVVLDRRDAPDPHAPGQAVNAGVVALLEQRGLADALRASGLPLPGAHFSLLWLRPEEITADRPEVGTGLLVAQPRLTEVLEQRARELGVDVRRGHEVTELRQSPGHVTLKLRTSAGDSTLRGSYVVAADGAGSTVRRLAGIDFPGSGWTVSGIVGDVTVDFSELAVHHLGAHYLPAGGVYSGAPAGPGVLRVITTVFGATPPAPSGPVAAEELQGEVEHLTGQPLPAREVLWARRFTSHSGNAERYRSGRVFLAGDAAHSFYPLGGLRLSTCLQDAVNLGWKLAADLAGWAPPGLLDTYHAERHPEGERARLALDAQLALMHPAARTAGARSLVADLARFEDVNRYLVELVTGVDPRYRVGTDGASGSVVPDPALGGRVPGAAPLLHGGGGLLLLGAADGDGERGEGGAHARTAAAWADRVGVAPALAADATRSVLLRPDGHVAWAEGSGSLETALKNWFGTPR
Sol5	MRFIILNLLSLGITPTVVGHSGPHRQEAQNLNKFLKSNAINPAAINGETRHTGGVHLACAILEASNQTAVVFPSDGELYTQIDKAHASATAPKNPACIYTPNDVKGVSLGVKVATFVQAKFAIRSGGHSPMEYFANIDGGVLISLAGIKTLEYNADAQTQRSGFGNLWQDVYRHVNAQGRTVVGGRTGSVGLALTLGGGLSHLSNAYWAAQNVLSYEMVLADGSIVIASEEENSDLYFAVKAGANNFGIVTHIVQRTYPLGKIWGGSMIFPGNASAQFMAALADYQAKGQLDKKSAILPYVGLIADAVVAQFSYLEPVERPEAFEAFYDIPVIQDLTQVWDTFAAMVTAPIPYNMTRFTYATTDLLYDKEAYLEIEQICHKYIPRMRKLEGGDIMLMPQPISVSMVDEARARGSDPGVADQPQLWFVVSSGWNLAQDDAEAESIMLDALAEVEEYTKSQALHLPFYFLNDAFSTQMPLQSYGAVTYSKLQAASRKYDPTRVFQELVPGGFKLV
